{
  "I.2.8": "Problem Solving, Control Methods, and Search (F.2.2)",
  "I.2.9": "Robotics",
  "K.6.0": "General",
  "K.6.1": "Project and People Management",
  "K.6.2": "Installation Management",
  "K.6.3": "Software Management (D.2.9)",
  "H.m": "MISCELLANEOUS",
  "K.6.5": "Security and Protection (D.4.6, K.4.2)",
  "I.2.0": "General",
  "I.2.1": "Applications and Expert Systems (H.4, J)",
  "E.0": "GENERAL",
  "E.1": "DATA STRUCTURES",
  "E.2": "DATA STORAGE REPRESENTATIONS",
  "E.3": "DATA ENCRYPTION",
  "E.4": "CODING AND INFORMATION THEORY (H.1.1)",
  "E.5": "FILES (D.4.3, F.2.2, H.2)",
  "I.4.m": "Miscellaneous",
  "H.2.8": "Database Applications",
  "H.2.7": "Database Administration",
  "H.2.6": "Database Machines",
  "H.2.5": "Heterogeneous Databases",
  "H.2.4": "Systems",
  "H.2.3": "Languages (D.3.2)",
  "H.2.2": "Physical Design",
  "H.2.1": "Logical Design",
  "H.2.0": "General",
  "I.2.6": "Learning (K.3.2)",
  "I.2.7": "Natural Language Processing",
  "I.2.4": "Knowledge Representation Formalisms and Methods (F.4.1)",
  "I.4.10": "Image Representation",
  "I.2.5": "Programming Languages and Software (D.3.2)",
  "K.6.4": "System Management",
  "I.": "Computing Methodologies",
  "E.m": "MISCELLANEOUS",
  "I.2.3": "Deduction and Theorem Proving (F.4.1)",
  "H.1": "MODELS AND PRINCIPLES",
  "H.0": "GENERAL",
  "H.3": "INFORMATION STORAGE AND RETRIEVAL",
  "H.2": "DATABASE MANAGEMENT (E.5)",
  "H.5": "INFORMATION INTERFACES AND PRESENTATION (e.g., HCI) (I.7)",
  "H.4": "INFORMATION SYSTEMS APPLICATIONS",
  "I.4": "IMAGE PROCESSING AND COMPUTER VISION (REVISED)",
  "I.5": "PATTERN RECOGNITION",
  "I.6": "SIMULATION AND MODELING (G.3)",
  "I.7": "DOCUMENT AND TEXT PROCESSING (H.4-5) (REVISED)",
  "I.0": "GENERAL",
  "I.1": "SYMBOLIC AND ALGEBRAIC MANIPULATION (REVISED)",
  "I.2": "ARTIFICIAL INTELLIGENCE",
  "I.3": "COMPUTER GRAPHICS",
  "I.4.8": "Scene Analysis",
  "I.4.9": "Applications",
  "J.": "Computer Applications",
  "I.4.0": "General",
  "I.4.1": "Digitization and Image Capture (REVISED)",
  "I.4.2": "Compression (Coding) (E.4)",
  "I.4.3": "Enhancement",
  "I.4.4": "Restoration",
  "I.4.5": "Reconstruction",
  "I.4.6": "Segmentation",
  "I.4.7": "Feature Measurement",
  "I.5.5": "Implementation (C.3)",
  "I.5.4": "Applications",
  "K.m": "MISCELLANEOUS",
  "I.5.1": "Models",
  "I.5.0": "General",
  "I.5.3": "Clustering",
  "I.5.2": "Design Methodology",
  "K.8.m": "Miscellaneous (NEW)",
  "H.3.2": "Information Storage",
  "H.3.3": "Information Search and Retrieval",
  "H.3.0": "General",
  "E.": "Data",
  "H.3.6": "Library Automation",
  "H.3.7": "Digital Libraries (NEW)",
  "H.3.4": "Systems and Software",
  "H.3.5": "Online Information Services",
  "I.2.10": "Vision and Scene Understanding (I.4.8, I.5)",
  "I.2.11": "Distributed Artificial Intelligence",
  "I.7.m": "Miscellaneous",
  "H.2.m": "Miscellaneous",
  "H.1.0": "General",
  "H.1.1": "Systems and Information Theory (E.4)",
  "H.1.2": "User/Machine Systems",
  "K.8.2": "Hardware",
  "K.8.3": "Management/Maintenance",
  "K.8.0": "General",
  "K.8.1": "Application Packages",
  "K.8": "PERSONAL COMPUTING",
  "K.6": "MANAGEMENT OF COMPUTING AND INFORMATION SYSTEMS",
  "K.7": "THE COMPUTING PROFESSION",
  "K.4": "COMPUTERS AND SOCIETY",
  "K.5": "LEGAL ASPECTS OF COMPUTING",
  "K.2": "HISTORY OF COMPUTING",
  "K.3": "COMPUTERS AND EDUCATION",
  "K.0": "GENERAL",
  "K.1": "THE COMPUTER INDUSTRY",
  "H.1.m": "Miscellaneous",
  "I.7.5": "Document Capture (I.4.1) (NEW)",
  "I.7.4": "Electronic Publishing (H.5.4, J.7) (NEW)",
  "H.": "Information Systems",
  "I.7.2": "Document Preparation",
  "I.7.1": "Document and Text Editing (REVISED)",
  "I.7.0": "General",
  "H.3.m": "Miscellaneous",
  "I.6.8": "Types of Simulation",
  "K.7.m": "Miscellaneous",
  "I.6.3": "Applications",
  "I.6.0": "General",
  "I.6.1": "Simulation Theory",
  "I.6.6": "Simulation Output Analysis",
  "K.": "Computing Milieux",
  "I.6.4": "Model Validation and Analysis",
  "I.6.5": "Model Development",
  "I.5.m": "Miscellaneous",
  "K.5.m": "Miscellaneous",
  "I.m": "MISCELLANEOUS",
  "H.4.1": "Office Automation (I.7)",
  "H.4.0": "General",
  "H.4.3": "Communications Applications",
  "H.4.2": "Types of Systems",
  "J.m": "MISCELLANEOUS",
  "K.5.2": "Governmental Issues",
  "K.5.1": "Hardware/Software Protection (REVISED)",
  "K.5.0": "General",
  "K.7.4": "Professional Ethics (K.4) (NEW)",
  "K.7.1": "Occupations",
  "K.7.0": "General",
  "K.7.3": "Testing, Certification, and Licensing",
  "K.7.2": "Organizations",
  "J.3": "LIFE AND MEDICAL SCIENCES",
  "J.2": "PHYSICAL SCIENCES AND ENGINEERING",
  "J.1": "ADMINISTRATIVE DATA PROCESSING",
  "J.0": "GENERAL",
  "J.7": "COMPUTERS IN OTHER SYSTEMS (C.3)",
  "J.6": "COMPUTER-AIDED ENGINEERING",
  "J.5": "ARTS AND HUMANITIES",
  "J.4": "SOCIAL AND BEHAVIORAL SCIENCES",
  "H.4.m": "Miscellaneous",
  "I.2.2": "Automatic Programming (D.1.2, F.3.1, F.4.1)",
  "I.6.m": "Miscellaneous",
  "I.3.8": "Applications",
  "K.4.m": "Miscellaneous",
  "I.3.3": "Picture/Image Generation",
  "I.3.2": "Graphics Systems (C.2.1, C.2.4, C.3)",
  "I.3.1": "Hardware Architecture (B.4.2)",
  "I.3.0": "General",
  "I.3.7": "Three-Dimensional Graphics and Realism",
  "I.3.6": "Methodology and Techniques",
  "I.3.5": "Computational Geometry and Object Modeling",
  "I.3.4": "Graphics Utilities",
  "I.6.2": "Simulation Languages",
  "I.1.1": "Expressions and Their Representation (E.1-2)",
  "I.1.0": "General",
  "I.1.3": "Languages and Systems (D.3.2-3, F.2.2)",
  "I.1.2": "Algorithms (F.2.1-2)",
  "I.6.7": "Simulation Support Systems",
  "I.1.4": "Applications",
  "K.3.1": "Computer Uses in Education",
  "K.3.0": "General",
  "K.3.2": "Computer and Information Science Education",
  "H.5.4": "Hypertext/Hypermedia (I.7, J.7) (NEW)",
  "H.5.5": "Sound and Music Computing (J.5) (NEW)",
  "H.5.0": "General",
  "H.5.1": "Multimedia Information Systems",
  "H.5.2": "User Interfaces (D.2.2, H.1.2, I.3.6)",
  "H.5.3": "Group and Organization Interfaces",
  "I.7.3": "Index Generation**",
  "I.1.m": "Miscellaneous",
  "H.3.1": "Content Analysis and Indexing",
  "I.3.m": "Miscellaneous",
  "K.4.2": "Social Issues",
  "K.4.3": "Organizational Impacts",
  "K.4.0": "General",
  "K.4.1": "Public Policy Issues",
  "K.4.4": "Electronic Commerce (J.1) (NEW)",
  "H.5.m": "Miscellaneous (NEW)",
  "I.2.m": "Miscellaneous",
  "K.3.m": "Miscellaneous",
  "K.6.m": "Miscellaneous"
}